<!-- Na descricao abaixo, os simbolos utilizados tem o seguinte significado: -->
<!-- ii: integer value -->
<!-- ff: float value -->
<!-- ss: string value -->
<!-- cc: character "x" or "y" or "z" -->
<!-- tt: "0" or "1" with Boolean significance -->


<yas>
  <!-- ##################################   scene-0 ###################################-->
  <scene root="jardim" axis_length="1" />
  <!-- ##################################   views-1 ####################################-->
  <views default="vista0">
    <!-- qto maior a distancia entre near e far menor a distincao entre profundidade dos objectos na cena
  angle  angulo de abertura da camara (field of view) metade near  para ca de near nao eh desenhado
  far   para la de far  nao eh desenhado from  posicao da camara
  to  para onde olha a camara : origem:0,0,0 queremos tabuleiro
  ortho  - outra camara projecta-se em relacao ah camara (raios concorrentes num ponto) na camara ortografica projecta-se em relacao ao infinito (raios paralelos) mantem proporcoes independentemente da distancia
limites inf sup esq direito do plano
  -->
    <!--0.4, 0.1, 500, vec3.fromValues(15, 15, 15), vec3.fromValues(0, 0, 0)-->
    <perspective id="vista0" near="0.1" far="500" angle="-0.5">
      <from x="30" y="30" z="30"/>
      <to x="2" y="0" z="2"/>
    </perspective>
    <perspective id="vista1" near="0.1" far="90" angle="-1">
      <from x="20" y="5" z="12"/>
      <to x="0" y="1" z="0"/>
    </perspective>
    <perspective id="vista2" near="0.1" far="150" angle="-0.2">
      <from x="20" y="75" z="15"/>
      <to x="3.7" y="3.5" z="4"/>
    </perspective>
    <ortho id="ortho" left="-20" right="20" top="20" bottom="-20" near="0.01" far="500">
      <from x="15" y="20" z="15" />
      <to x="0" y="0" z="0" />
    </ortho>
  </views>

  <!-- ####################################  ambient-2 #################################-->
  <ambient>
    <ambient r="0.2" g="0.2" b="0.2" a="1" />
    <background r="0.35" g="0.75" b="1.0" a="1" />
  </ambient>

  <!--  ##################################    lights-3 ############################### -->
  <lights>
    <omni id="omni1" enabled="t">
      <location x="2" y="5" z="3.5" w="1"/>
      <ambient r="0" g="0" b="0" a="1"/>
      <diffuse r="1" g="1" b="1" a="1"/>
      <specular r="1" g="1" b="1" a="1"/>
    </omni>

    <spot id="light0" enabled="t" angle="1" exponent="1">
      <location x="0" y="50" z="10" w="1"/>
      <target x="0" y="4" z="5.2" />
      <ambient r="0.2" g="0.2" b="0.2" a="1.0"/>
      <diffuse r="1.0" g="1.0" b="1.0" a="1.0"/>
      <specular r="1.0" g="1.0" b="1.0" a="1.0"/>
    </spot>

    <spot id="light1" enabled="t" angle="1" exponent="1">
      <location x="150" y="50" z="10" w="1"/>
      <target x="0" y="4" z="5.2" />
      <ambient r="0.2" g="0.2" b="0.2" a="1.0"/>
      <diffuse r="1.0" g="1.0" b="1.0" a="1.0"/>
      <specular r="1.0" g="1.0" b="1.0" a="1.0"/>
    </spot>

    <spot id="light2" enabled="t" angle="1" exponent="1">
      <location x="0" y="50" z="30" w="1"/>
      <target x="0" y="4" z="5.2" />
      <ambient r="0.2" g="0.2" b="0.2" a="1.0"/>
      <diffuse r="1.0" g="1.0" b="1.0" a="1.0"/>
      <specular r="1.0" g="1.0" b="1.0" a="1.0"/>
    </spot>

    <spot id="light3" enabled="t" angle="1" exponent="1">
      <location x="150" y="50" z="30" w="1"/>
      <target x="0" y="4" z="5.2" />
      <ambient r="0.2" g="0.2" b="0.2" a="1.0"/>
      <diffuse r="0.6" g="0.6" b="0.6" a="1.0"/>
      <specular r="0.6" g="0.6" b="0.6" a="1.0"/>
    </spot>

  </lights>

  <!-- ##################################### textures-4 #######################     -->
  <textures>
    <texture id="tampoTEX" file="images/table.png"/>
    <texture id="board" file="images/board.jpg"/>
    <!-- s="1" t="2"  -->
    <texture id="defaultTexture" file="images/default.jpg"/>
    <texture id="chessboard" file="images/chessboard.jpg" />
    <texture id="concretetop" file="images/concrete2.jpg" />
    <texture id="concrete1" file="images/concrete1.jpg" />
    <texture id="caule" file="images/trunk2.jpg" />
    <texture id="treetop" file="images/treetop.jpg" />
    <texture id="boia" file="images/buoy2.jpg" />
    <texture id="relva" file="images/grass2.jpg" />
    <texture id="tiles" file="images/pavimento.jpg" />
  </textures>

  <!-- ##################################### materials-5 #######################     -->

  <materials>
    <!-- Green Material -->
    <material id="greenMaterial" shininess="1">
      <specular r="0.0" g="0.0" b="0.0" a="1"/>
      <diffuse r="0.33" g="0.42" b="0.18" a="1"/>
      <ambient r="0.0" g="0.0" b="0.0" a="1"/>
      <emission r="0.0" g="0.0" b="0.0" a="1"/>
    </material>

    <!-- Brown Material -->
    <material id="brownMaterial" shininess="1">
      <specular r="0.0" g="0.0" b="0.0" a="1"/>
      <diffuse r="0.4" g="0.19" b="0.03" a="1"/>
      <ambient r="0.0" g="0.0" b="0.0" a="1"/>
      <emission r="0.0" g="0.0" b="0.0" a="1"/>
    </material>

    <!-- Dark Brown Material -->
    <material id="darkBrownMaterial" shininess="1">
      <specular r="0.0" g="0.0" b="0.0" a="1"/>
      <diffuse r="0.3" g="0.09" b="0.00" a="1"/>
      <ambient r="0.0" g="0.0" b="0.0" a="1"/>
      <emission r="0.0" g="0.0" b="0.0" a="1"/>
    </material>


    <material id="blacktMaterial" shininess="1">
      <specular r="0.0" g="0.0" b="0.0" a="1"/>
      <diffuse r="0.4" g="0.4" b="0.4" a="1"/>
      <ambient r="0.4" g="0.4" b="0.4" a="1"/>
      <emission r="0.0" g="0.0" b="0.0" a="1"/>
    </material>

    <!-- A default material -->
    <material id="defaultMaterial" shininess="1">
      <specular r="0.0" g="0.0" b="0.0" a="1"/>
      <diffuse r="1" g="1" b="1" a="0"/>
      <ambient r="0.9" g="0.9" b="0.9" a="0.9"/>
      <emission r="0.0" g="0.0" b="0.0" a="1"/>
    </material>

  </materials>

  <!-- #################################    transformations-6 ###########################-->

  <transformations>
    <transformation id="movimentoDiagonal">
      <translate x="10" y="0" z="10" />
    </transformation>
    <transformation id="mesaDesdeCentro">
      <translate x="7" y="0" z="7" />
      <rotate axis="y" angle="55" />

    </transformation>
  </transformations>

  <!-- ###################################        primitives-7 ######################### -->
  <primitives>
    <primitive id="rectangulo">
      <rectangle x1="-0.5" y1="0.5" x2="0.5" y2="-0.5" />
      <!-- Canto Inferior esquerdo  e canto superior direito-->
    </primitive >
    <primitive id="cilindro">      <!-- So para o tronco pois base mais larga -->
      <cylinder base="1.0" top="0.8" height="5" slices="20" stacks="20" />
      <!--- base e top sao raios da base e do topo -->
    </primitive >
    <primitive id="esfera">
      <sphere radius="3" slides="50" stacks="50" />
    </primitive >
    <primitive id="toro">
      <thorus inner="0.5" outer="1" slides="50" loops="50" />
      <!--0.5 1 20 20-->
    </primitive >
    <primitive id="triangulo">
      <triangle x1="10" y1="10" z1="0" x2="0" y2="-15" z2="0" x3="-10" y3="10" z3="0" />
    </primitive >
  </primitives >

  <!-- ###############################  componentes-8  ###########################   -->
  <components>
    <component id="jardim">
      <transformation>
      </transformation>
      <materials>
        <material id="defaultMaterial"/>
        <material id="darkBrownMaterial"/>
      </materials>
      <texture id="chessboard" length_s="1.0" length_t="1.0" />
      <!-- so para ter uma -->
      <children>
        <componentref id="arvore" />
        <componentref id="mesa" />
        <componentref id="boia" />
        <componentref id="chao" />
        <componentref id="relva" />
      </children>
    </component>

    <component id="relva">
      <transformation>
       <rotate axis="y" angle="180" />
        <scale x="1.4" y="1.4" z="0.8" />
        <rotate axis="x" angle="90" />
 
      </transformation>
      <materials>
        <material id="greenMaterial"/>
      </materials>
      <texture id="relva" length_s="12.0" length_t="12.0"/>
      <children>
        <primitiveref id="triangulo" />
      </children>
    </component>

    <component id="chao">
      <transformation>
       <rotate axis="x" angle="180" />
        <translate x="0.0" y="0.1" z="0" />
        <rotate axis="x" angle="-90" />
        <scale x="45" y="45" z="0.2" />
      </transformation>
      <materials>
        <material id="defaultMaterial"/>
      </materials>
      <texture id="tiles" length_s="0.1" length_t="0.1"/>
      <children>
        <primitiveref id="rectangulo" />
      </children>
    </component>

    <component id="boia">
      <transformation>
        <translate x="6.0" y="0.5" z="-4" />
        <rotate axis="x" angle="-90" />
      </transformation>
      <materials>
        <material id="defaultMaterial"/>
      </materials>
      <texture id="boia" length_s="1.0" length_t="1.0"/>
      <children>
        <primitiveref id="toro" />
      </children>
    </component>

    <component id="arvore">
      <transformation>
      </transformation>
      <materials>
        <material id="defaultMaterial"/>
      </materials>
      <texture id="none" length_s="1.0" length_t="1.0"/>
      <children>
        <componentref id="caule" />
        <componentref id="copa" />
      </children>
    </component>

    <component id="caule">
      <transformation>
        <rotate axis="x" angle="-90" />
        <scale x="1.0" y="1.0" z="1.5" />
      </transformation>
      <materials>
        <material id="brownMaterial"/>
      </materials>
      <texture id="caule" length_s="1.0" length_t="1.0"/>
      <children>
        <primitiveref id="cilindro" />
      </children>
    </component>

    <component id="copa">
      <transformation>
        <translate x="0" y="11" z="0" />
        <scale x="1.4" y="1.4" z="1.4" />
      </transformation>
      <materials>
        <material id="greenMaterial"/>
      </materials>
      <texture id="treetop" length_s="0.4" length_t="0.4"/>
      <children>
        <primitiveref id="esfera" />
      </children>
    </component>

    <component id="mesa">
      <transformation>
        <transformationref id="mesaDesdeCentro"/>
      </transformation>
      <materials>
        <material id="inherit"/>
      </materials>
      <texture id="none" length_s="1.0" length_t="1.0"/>
      <children>
        <componentref id="tampo" />
        <componentref id="pernas" />
      </children>
    </component>

    <component id="tampo">
      <transformation>
      <rotate axis="x" angle="180" />
        <scale x="5.0" y="0.3" z="3.0" />
        <translate x="0" y="-12.1" z="0" />
      </transformation>
      <materials>
        <material id="darkBrownMaterial" />
      </materials>
      <texture id="tampoTEX" length_s="2" length_t="2" />
      <children>
        <componentref id="cubo" />
      </children>
    </component>

    <component id="pernas">
      <transformation>
      </transformation>
      <materials>
        <material id="darkBrownMaterial" />
        <material id="defaultMaterial" />
      </materials>
      <texture id="none" length_s="1.0" length_t="1.0"/>
      <children>
        <componentref id="perna1" />
        <componentref id="perna2" />
        <componentref id="perna3" />
        <componentref id="perna4" />
      </children>
    </component>
    <!-- ############################################## PERNAS ##############################-->
    <component id="perna1">
      <transformation>
        <translate x="-2.34" y="1.75" z="-1.34" />
      </transformation>
      <materials>
        <material id="inherit"/>
      </materials>
      <texture id="inherit" length_s="1" length_t="1"/>
      <children>
        <componentref id="perna" />
      </children>
    </component>

    <component id="perna2">
      <transformation>
        <translate x="-2.34" y="1.75" z="1.34" />
      </transformation>
      <materials>
        <material id="inherit"/>
      </materials>
      <texture id="inherit" length_s="1" length_t="1"/>
      <children>
        <componentref id="perna" />
      </children>
    </component>

    <component id="perna3">
      <transformation>
        <translate x="2.34" y="1.75" z="-1.34" />
      </transformation>
      <materials>
        <material id="inherit"/>
      </materials>
      <texture id="inherit" length_s="1" length_t="1"/>
      <children>
        <componentref id="perna" />
      </children>
    </component>

    <component id="perna4">
      <transformation>
        <translate x="2.34" y="1.75" z="1.34" />
      </transformation>
      <materials>
        <material id="inherit"/>
      </materials>
      <texture id="inherit" length_s="1" length_t="1"/>
      <children>
        <componentref id="perna" />
      </children>
    </component>

    <component id="perna">
      <transformation>
        <scale x="0.3" y="3.5" z="0.3" />
      </transformation>
      <materials>
        <material id="inherit"/>
      </materials>
      <texture id="inherit" length_s="1" length_t="1"/>
      <children>
        <componentref id="cubo" />
      </children>
    </component>

    <component id="cubo">
      <transformation>
      
      </transformation>
      <materials>
        <material id="inherit"/>
      </materials>
      <texture id="inherit"/>
      <children>
        <componentref id="face1"/>
        <componentref id="face2"/>
        <componentref id="face3"/>
        <componentref id="face4"/>
        <componentref id="face5"/>
        <componentref id="face6"/>
      </children>
    </component>
    <!-- #############################   Faces   ##################################### -->
    <component id="face1">
      <transformation>        <!-- face mais prox de xy certo -->
       
        <rotate axis="x" angle="-180" />
        <translate x="0.0" y="0.0" z="-0.5" />
      </transformation>
      <materials>
        <material id="inherit"/>
      </materials>
      <texture id="inherit" />
      <children>
        <primitiveref id="rectangulo"/>
      </children>
    </component>

    <component id="face2">
      <transformation>        <!-- face mais distante de xy certo -->
       <rotate axis="y" angle="180" />
       <rotate axis="x" angle="180" />
        <translate x="0.0" y="0.0" z="-0.5" />
      </transformation>
      <materials>
        <material id="inherit"/>
      </materials>
      <texture id="inherit"/>
      <children>
        <primitiveref id="rectangulo"/>
      </children>
    </component>

    <component id="face3">
      <transformation>        <!-- face acima de xz  certo-->
     
        <rotate axis="x" angle="90" />
        <translate x="0.0" y="0.0" z="-0.5" />
      </transformation>
      <materials>
        <material id="inherit"/>
      </materials>
      <texture id="inherit" />
      <children>
        <primitiveref id="rectangulo"/>
      </children>
    </component>

    <component id="face4">
      <transformation>        <!-- face abaixo de xz certo -->
   
        <rotate axis="x" angle="-90" />
        <translate x="0.0" y="0.0" z="-0.5" />
      </transformation>
      <materials>
        <material id="inherit"/>
      </materials>
      <texture id="inherit" />
      <children>
        <primitiveref id="rectangulo"/>
      </children>
    </component>

    <component id="face5">
      <transformation>        <!-- face para ca de yz certo -->
     
        <rotate axis="y" angle="90" />
        <translate x="0.0" y="0.0" z="-0.5" />
      </transformation>
      <materials>
        <material id="inherit"/>
      </materials>
      <texture id="inherit"/>
      <children>
        <primitiveref id="rectangulo"/>
      </children>
    </component>

    <component id="face6">
      <transformation>        <!-- face para lá de yz  -->
      <rotate axis="y" angle="180" />
        <rotate axis="y" angle="90" />
        <translate x="0.0" y="0.0" z="-0.5" />
      </transformation>
      <materials>
        <material id="inherit"/>
      </materials>
      <texture id="inherit"/>
      <children>
        <primitiveref id="rectangulo"/>
      </children>
    </component>

  </components>
</yas>
